"Variable","Coefficient"
"(Intercept)",0.749162409704272
"biome",-0.128839149074804
"bio17",-0.000612404608472438
"bio6",0.013466227727468
"bio7",-0.0163761616190184
"bio5",0.000105310998013531
"PCNM1",-7.82256314351675
