"Variable","Coefficient"
"(Intercept)",0.2974054138574
"bio12",0.000281008331279993
"bio16",0.000669280820235836
"bio17",0.00118704026275984
"bio7",-0.0102690441476145
"bio5",0
"PCNM1",-7.77642305745759
"PCNM4",-5.9750698645251
"PCNM3",-0.694167647595769
