"Variable","Coefficient"
"(Intercept)",-1.10641654065046
"bio12",0.000158873563459088
"bio17",0
"bio16",0.000299060378118209
"bio1",0.00314167148772611
"bio6",0.00466966111515552
"bio7",-0.00522413244456875
"bio5",0
"PCNM1",-7.58052765954233
"PCNM3",-4.23391770534856
