"Variable","Coefficient","BetaCoefficient"
"bio1",0.0104439423804497,1.19016585823798
"biome",-0.0869853071227547,-0.7162974482232
"bio17",0.00135400885065988,0.695590959833828
"bio12",-0.00020800607944837,-0.556438710782649
"bio8",-3.46193801620811e-05,-0.00398440853429577
"PCNM4",-14.9385108031152,-2.21516724950956
"PCNM1",-15.7705876959865,-2.3385523383216
"PCNM5",7.38933297420993,1.09573227317795
