"Variable","Coefficient"
"(Intercept)",-1.52251820147068
"bio17",-0.000608167885131785
"bio12",7.80807391839132e-05
"biome",-0.0608980344997317
"bio1",0.00500521231561709
"bio16",0.000540882986015355
"bio6",0.00448032094046723
"bio7",-0.00551639532979287
"bio5",-0.000569359780898347
"bio8",0.00166135031305408
"PCNM1",-8.70251147137862
"PCNM19",-4.17170787459275
"PCNM2",2.79483436652925
"PCNM10",1.41729973650482
"PCNM4",-3.69741262249159
