"Variable","Coefficient"
"(Intercept)",-1.20362478176068
"biome",-0.0792393987373986
"bio17",0
"bio5",0
"bio6",0.00980289449256528
"PCNM1",-5.40731100759703
"PCNM20",0
"PCNM4",1.08896284690619
"PCNM10",-0.128008068803661
"PCNM7",0
"PCNM2",0
"PCNM18",0
"PCNM19",0
"PCNM17",0
"PCNM13",0
"PCNM12",0
"PCNM16",0
"PCNM6",0
"PCNM5",0
"PCNM3",0
"PCNM11",0
"PCNM9",0
"PCNM14",0
"PCNM8",0.503124564217934
"PCNM15",0
