"Variable","Coefficient"
"(Intercept)",-0.430719250487602
"biome",-0.109877288570276
"bio12",0.000210549851955689
"bio17",0.000397786475042381
"bio16",0.000217976689575802
"bio1",0.00298595471486495
"bio7",-0.00767714806937307
"bio6",0.00387052896096217
"PCNM1",-5.76624012964146
"PCNM4",-1.70867851514042
"PCNM2",0.399167724048178
"PCNM3",0
"PCNM13",2.05702882789196
