"Variable","Coefficient"
"(Intercept)",-0.200964028689628
"bio7",-0.00801744758111656
"bio6",0.0104029445544848
"biome",-0.169615977749992
"bio5",0.00108455950027893
"bio17",-0.000768701619697423
"PCNM1",13.2489187895632
"PCNM2",-5.83887692005773
