"Variable","Coefficient"
"(Intercept)",-1.48063051614459
"bio17",0
"biome",-0.104819037287331
"bio12",0.000185903021242477
"bio8",0.00300799858754074
"bio16",0.00083598954806169
"PCNM1",-7.69043631740108
"PCNM4",4.75336565356602
"PCNM14",-2.2000082203302
"PCNM10",4.95628321206804
"PCNM5",-1.59193805321107
