"Variable","Coefficient"
"(Intercept)",-0.793903486701955
"biome",-0.0704236013359812
"bio5",-0.000916289974861471
"bio17",0
"bio16",0.00119846284398271
"bio1",0.00358597964855617
"bio6",0.00448631010782572
"bio7",-0.00762320399853223
"PCNM1",4.2910173072035
"PCNM4",-2.848891270506
"PCNM3",2.70542826973439
