"Variable","Value"
"Sensitivity",0.954545454545455
"Specificity",0.826086956521739
"Pos Pred Value",0.84
"Neg Pred Value",0.95
"Precision",0.84
"Recall",0.954545454545455
"F1",0.893617021276596
"Prevalence",0.488888888888889
"Detection Rate",0.466666666666667
"Detection Prevalence",0.555555555555556
"Balanced Accuracy",0.890316205533597
