"Variable","Value"
"Sensitivity",0.954545454545455
"Specificity",0.652173913043478
"Pos Pred Value",0.724137931034483
"Neg Pred Value",0.9375
"Precision",0.724137931034483
"Recall",0.954545454545455
"F1",0.823529411764706
"Prevalence",0.488888888888889
"Detection Rate",0.466666666666667
"Detection Prevalence",0.644444444444444
"Balanced Accuracy",0.803359683794466
