"Variable","Value"
"Sensitivity",0.954545454545455
"Specificity",0.782608695652174
"Pos Pred Value",0.807692307692308
"Neg Pred Value",0.947368421052632
"Precision",0.807692307692308
"Recall",0.954545454545455
"F1",0.875
"Prevalence",0.488888888888889
"Detection Rate",0.466666666666667
"Detection Prevalence",0.577777777777778
"Balanced Accuracy",0.868577075098814
