"Variable","Value"
"Sensitivity",0.863636363636364
"Specificity",0.695652173913043
"Pos Pred Value",0.730769230769231
"Neg Pred Value",0.842105263157895
"Precision",0.730769230769231
"Recall",0.863636363636364
"F1",0.791666666666667
"Prevalence",0.488888888888889
"Detection Rate",0.422222222222222
"Detection Prevalence",0.577777777777778
"Balanced Accuracy",0.779644268774704
