"Variable","Value"
"Sensitivity",0.727272727272727
"Specificity",0.956521739130435
"Pos Pred Value",0.941176470588235
"Neg Pred Value",0.785714285714286
"Precision",0.941176470588235
"Recall",0.727272727272727
"F1",0.82051282051282
"Prevalence",0.488888888888889
"Detection Rate",0.355555555555556
"Detection Prevalence",0.377777777777778
"Balanced Accuracy",0.841897233201581
