"Variable","Value"
"Sensitivity",0.863636363636364
"Specificity",0.826086956521739
"Pos Pred Value",0.826086956521739
"Neg Pred Value",0.863636363636364
"Precision",0.826086956521739
"Recall",0.863636363636364
"F1",0.844444444444444
"Prevalence",0.488888888888889
"Detection Rate",0.422222222222222
"Detection Prevalence",0.511111111111111
"Balanced Accuracy",0.844861660079051
