"Variable","Value"
"Sensitivity",0.909090909090909
"Specificity",0.608695652173913
"Pos Pred Value",0.689655172413793
"Neg Pred Value",0.875
"Precision",0.689655172413793
"Recall",0.909090909090909
"F1",0.784313725490196
"Prevalence",0.488888888888889
"Detection Rate",0.444444444444444
"Detection Prevalence",0.644444444444444
"Balanced Accuracy",0.758893280632411
