"Variable","Value"
"Sensitivity",0.954545454545455
"Specificity",0.739130434782609
"Pos Pred Value",0.777777777777778
"Neg Pred Value",0.944444444444445
"Precision",0.777777777777778
"Recall",0.954545454545455
"F1",0.857142857142857
"Prevalence",0.488888888888889
"Detection Rate",0.466666666666667
"Detection Prevalence",0.6
"Balanced Accuracy",0.846837944664032
